{"stats":{"minecraft:crafted":{"minecraft:oak_planks":496,"minecraft:oak_sign":1,"ad_astra:launch_pad":1,"minecraft:lightning_rod":2,"sophisticatedbackpacks:crafting_upgrade":1,"create:mechanical_bearing":1,"minecraft:bookshelf":1,"create:deployer":1,"minecraft:green_dye":18,"create:rotation_speed_controller":1,"minecraft:hopper":3,"minecraft:glass":20,"ad_astra:oxygen_gear":1,"create:andesite_funnel":2,"create:mechanical_press":1,"minecraft:chest":11,"minecraft:oak_button":14,"create:cogwheel":66,"ad_astra:space_helmet":1,"create:brass_hand":1,"ad_astra:oxygen_loader":1,"minecraft:oak_slab":102,"create:depot":1,"create:rose_quartz":23,"sophisticatedbackpacks:backpack":1,"minecraft:crafting_table":14,"minecraft:wooden_pickaxe":2,"minecraft:copper_ingot":264,"create:sand_paper":1,"sophisticatedbackpacks:upgrade_base":1,"create:mechanical_mixer":1,"create:encased_fan":1,"ad_astra:etrionic_blast_furnace":1,"ad_astra:desh_sliding_door":1,"create:andesite_tunnel":2,"minecraft:iron_chestplate":1,"minecraft:book":1,"minecraft:charcoal":153,"minecraft:paper":15,"minecraft:diamond_pickaxe":1,"create:water_wheel":9,"create:super_glue":1,"minecraft:stick":72,"minecraft:iron_ingot":87,"minecraft:iron_pickaxe":4,"minecraft:andesite_stairs":4,"minecraft:gold_ingot":10,"create:large_cogwheel":32,"create:propeller":1,"minecraft:redstone_torch":2,"minecraft:shears":2,"create:empty_blaze_burner":1,"ad_astra:iron_rod":8,"minecraft:stone_shovel":2,"minecraft:tripwire_hook":4,"create:wrench":1,"minecraft:iron_nugget":216,"create:white_sail":2,"ad_astra:gas_tank":6,"ad_astra:fan":2,"minecraft:furnace":8,"minecraft:piston":2,"minecraft:bone_meal":57,"minecraft:oak_trapdoor":6,"minecraft:glass_pane":1,"minecraft:flint_and_steel":1,"ad_astra:compressor":1,"ad_astra:steel_tank":2,"ad_astra:steel_block":7,"minecraft:iron_axe":3,"create:millstone":1,"ad_astra:steel_rod":11,"minecraft:stone_pickaxe":3,"minecraft:cobblestone_wall":7,"ad_astra:nasa_workbench":1,"minecraft:redstone_block":1,"create:basin":1,"create:electron_tube":21,"create:belt_connector":1,"create:filter":1,"create:windmill_bearing":2,"minecraft:wheat":531,"sophisticatedbackpacks:iron_backpack":1,"ad_astra:space_pants":1,"minecraft:sugar":1,"minecraft:coal_block":2,"ad_astra:rocket_nose_cone":1,"ad_astra:steel_engine":1,"create:andesite_alloy":41,"ad_astra:space_boots":1,"ad_astra:desh_block":2,"minecraft:enchanting_table":1,"create:brass_tunnel":2,"minecraft:dried_kelp":64,"ad_astra:space_suit":1,"minecraft:iron_sword":1,"create:dough":2,"create:large_water_wheel":4,"sophisticatedbackpacks:gold_backpack":1,"minecraft:bucket":14,"minecraft:stone_axe":10,"minecraft:bread":177,"minecraft:air":221,"minecraft:jungle_planks":36,"minecraft:oak_boat":1,"create:whisk":1,"minecraft:white_wool":1,"minecraft:white_dye":3,"create:mechanical_crafter":24,"minecraft:iron_shovel":1,"ad_astra:engine_frame":1,"ad_astra:coal_generator":1,"create:shaft":160,"ad_astra:fuel_refinery":1,"minecraft:acacia_planks":28,"minecraft:torch":8,"ad_astra:rocket_fin":4,"create:zinc_ingot":21},"minecraft:custom":{"minecraft:interact_with_crafting_table":141,"minecraft:open_barrel":1,"minecraft:bell_ring":12,"minecraft:leave_game":12,"minecraft:time_since_death":52918,"minecraft:sprint_one_cm":1152105,"minecraft:drop":208,"minecraft:talked_to_villager":8,"minecraft:play_time":1075963,"minecraft:deaths":21,"minecraft:jump":11434,"minecraft:walk_on_water_one_cm":141965,"minecraft:interact_with_furnace":198,"minecraft:traded_with_villager":6,"minecraft:sleep_in_bed":23,"minecraft:damage_dealt":83564,"minecraft:crouch_one_cm":108030,"minecraft:inspect_dispenser":1,"minecraft:mob_kills":194,"minecraft:inspect_hopper":3,"minecraft:climb_one_cm":18911,"minecraft:walk_one_cm":1913202,"minecraft:damage_dealt_absorbed":80,"minecraft:sneak_time":64036,"minecraft:walk_under_water_one_cm":121727,"minecraft:boat_one_cm":257284,"minecraft:interact_with_blast_furnace":13,"minecraft:total_world_time":1119853,"minecraft:time_since_rest":52945,"minecraft:damage_taken":12326,"minecraft:swim_one_cm":135588,"minecraft:fly_one_cm":2652345,"minecraft:open_chest":173,"minecraft:fall_one_cm":343587},"minecraft:dropped":{"create:belt_connector":4,"minecraft:oak_pressure_plate":2,"minecraft:flint":7,"minecraft:cobblestone_stairs":11,"ad_astra:desh_ingot":32,"minecraft:dirt":20,"minecraft:crimson_roots":1,"minecraft:sugar":3,"ad_astra:strophar_stem":1,"minecraft:gravel":223,"minecraft:sugar_cane":1,"minecraft:iron_nugget":8,"minecraft:cobbled_deepslate":9,"minecraft:wheat":18,"minecraft:pointed_dripstone":14,"minecraft:rotten_flesh":37,"minecraft:white_bed":1,"minecraft:carrot":64,"minecraft:chiseled_stone_bricks":1,"minecraft:poppy":24,"minecraft:arrow":2,"ad_astra:moon_sand":2,"create:andesite_alloy":11,"minecraft:egg":1,"minecraft:iron_ingot":1,"minecraft:bread":3,"minecraft:wheat_seeds":28,"minecraft:mossy_cobblestone":1,"minecraft:feather":1,"minecraft:cobblestone":227,"minecraft:granite":2,"minecraft:copper_ingot":197,"minecraft:diorite":17,"minecraft:string":1,"minecraft:bucket":1,"minecraft:tripwire_hook":2,"minecraft:dandelion":2,"create:shaft":1,"minecraft:cobblestone_wall":2,"minecraft:oak_sign":1,"minecraft:oak_button":3,"create:zinc_ingot":33,"minecraft:oak_sapling":1,"minecraft:spider_eye":2,"minecraft:wooden_pickaxe":1,"minecraft:bow":2,"ad_astra:desh_sliding_door":4},"minecraft:mined":{"create:brass_tunnel":7,"minecraft:white_bed":18,"minecraft:oak_sapling":1,"minecraft:andesite_stairs":2,"create:andesite_casing":13,"minecraft:cobblestone_stairs":13,"minecraft:brewing_stand":2,"minecraft:obsidian":4,"minecraft:granite":2,"minecraft:budding_amethyst":1,"minecraft:acacia_log":7,"minecraft:grass_block":349,"minecraft:jungle_log":9,"minecraft:oak_pressure_plate":1,"minecraft:soul_soil":4,"ad_astra:compressor":4,"create:belt":1,"minecraft:composter":7,"create:rotation_speed_controller":5,"ad_astra:moon_desh_ore":1,"minecraft:chiseled_stone_bricks":1,"ad_astra:moon_cheese_ore":4,"minecraft:iron_ore":86,"minecraft:fire":18,"minecraft:anvil":1,"ad_astra:strophar_stem":9,"minecraft:dirt_path":91,"minecraft:iron_block":2,"create:mechanical_press":1,"create:limestone":1,"ad_astra:desh_plating":218,"minecraft:tripwire":39,"minecraft:deepslate_redstone_ore":43,"create:cogwheel":25,"ad_astra:moon_ice_shard_ore":11,"minecraft:kelp_plant":70,"minecraft:clay":6,"minecraft:torch":4,"minecraft:blast_furnace":3,"minecraft:calcite":2,"minecraft:poppy":2,"minecraft:melon":13,"minecraft:chest":2,"create:brass_casing":9,"minecraft:nether_quartz_ore":23,"minecraft:glass":1,"minecraft:cobblestone":409,"minecraft:oak_planks":45,"minecraft:sugar_cane":76,"ad_astra:polished_moon_stone_slab":1,"minecraft:wall_torch":10,"minecraft:amethyst_block":2,"minecraft:deepslate_copper_ore":66,"create:large_water_wheel":7,"create:basin":4,"minecraft:mud":1,"minecraft:wheat":9,"create:mechanical_mixer":3,"minecraft:stripped_oak_wood":1,"ad_astra:glowing_iron_pillar":1,"minecraft:grass":57,"minecraft:oak_log":285,"ad_astra:moon_stone":29,"minecraft:oak_fence_gate":1,"minecraft:dirt":642,"minecraft:sand":80,"minecraft:smooth_basalt":20,"ad_astra:moon_stone_bricks":8,"minecraft:tripwire_hook":2,"minecraft:netherrack":14,"create:crimsite":1,"minecraft:deepslate":13,"minecraft:oak_leaves":27,"create:zinc_ore":21,"minecraft:diamond_ore":1,"minecraft:mossy_cobblestone":1,"minecraft:deepslate_diamond_ore":3,"minecraft:oak_door":1,"minecraft:glow_lichen":1,"minecraft:lever":1,"create:large_cogwheel":11,"minecraft:redstone_wire":2,"create:encased_fan":2,"minecraft:kelp":36,"minecraft:mangrove_propagule":1,"minecraft:sandstone":1,"minecraft:hay_block":84,"create:shaft":6,"minecraft:oak_trapdoor":11,"minecraft:furnace":5,"minecraft:carrots":68,"create:white_sail":2,"minecraft:andesite":496,"ad_astra:nasa_workbench":1,"minecraft:potatoes":4,"minecraft:deepslate_iron_ore":21,"minecraft:vine":2,"create:deployer":1,"minecraft:stripped_oak_log":62,"minecraft:stone":137,"minecraft:oak_slab":11,"minecraft:acacia_leaves":2,"minecraft:glass_pane":2,"ad_astra:moon_sand":5,"create:andesite_tunnel":1,"minecraft:oak_fence":25,"minecraft:crafting_table":8,"minecraft:cornflower":1,"ad_astra:etrionic_blast_furnace":1,"minecraft:copper_ore":137,"minecraft:tall_grass":5,"minecraft:lapis_ore":2,"minecraft:deepslate_gold_ore":11,"minecraft:diorite":21,"create:water_wheel_structure":1,"create:blaze_burner":4,"minecraft:cobblestone_wall":12,"minecraft:yellow_bed":6,"create:crushing_wheel":6,"create:mechanical_drill":3,"minecraft:coal_ore":100,"create:mechanical_bearing":5,"ad_astra:chiseled_moon_stone_bricks":3,"create:mechanical_crafter":5,"ad_astra:oxygen_loader":3,"minecraft:gravel":30,"minecraft:dripstone_block":10,"ad_astra:coal_generator":6,"minecraft:cobweb":10,"minecraft:oak_button":2,"minecraft:fern":4},"minecraft:picked_up":{"ad_astra:space_suit":1,"minecraft:wheat":10,"create:mechanical_crafter":5,"minecraft:anvil":1,"ad_astra:strophar_stem":9,"minecraft:brewing_stand":3,"minecraft:amethyst_block":2,"minecraft:string":93,"minecraft:soul_soil":4,"minecraft:raw_copper":730,"create:limestone":1,"create:water_wheel":2,"create:mechanical_press":1,"minecraft:cobbled_deepslate":12,"minecraft:bucket":6,"minecraft:calcite":2,"minecraft:iron_pickaxe":3,"minecraft:melon_slice":79,"minecraft:furnace":5,"minecraft:stick":14,"create:mechanical_mixer":3,"minecraft:composter":14,"minecraft:oak_fence":25,"minecraft:torch":33,"minecraft:acacia_log":7,"create:andesite_casing":13,"minecraft:porkchop":4,"minecraft:pointed_dripstone":16,"minecraft:diorite":21,"ad_astra:oxygen_loader":3,"create:large_cogwheel":14,"minecraft:rotten_flesh":75,"ad_astra:ice_shard":11,"minecraft:iron_block":2,"ad_astra:etrionic_blast_furnace":1,"minecraft:obsidian":4,"minecraft:cobblestone":942,"minecraft:feather":2,"minecraft:water_bucket":3,"minecraft:andesite":488,"minecraft:jungle_log":9,"minecraft:brown_wool":6,"minecraft:potato":28,"create:belt_connector":6,"minecraft:flint":8,"create:raw_zinc":21,"ad_astra:coal_generator":6,"minecraft:lapis_lazuli":13,"minecraft:dirt":1112,"minecraft:bone":33,"minecraft:glass":8,"ad_astra:compressor":4,"minecraft:bow":4,"minecraft:wheat_seeds":48,"create:mechanical_drill":3,"minecraft:raw_gold":11,"minecraft:bell":2,"create:shaft":8,"minecraft:bamboo":5,"ad_astra:moon_stone_bricks":8,"minecraft:oak_planks":79,"ad_astra:raw_desh":1,"create:cogwheel":47,"minecraft:oak_pressure_plate":2,"ad_astra:cheese":4,"minecraft:sand":96,"sophisticatedbackpacks:iron_backpack":1,"minecraft:mossy_cobblestone":1,"ad_astra:iron_plate":3,"create:crimsite":1,"minecraft:sugar":3,"minecraft:diamond":4,"minecraft:lever":4,"minecraft:granite":4,"minecraft:oak_leaves":6,"minecraft:emerald":3,"minecraft:bread":224,"minecraft:oak_sapling":19,"minecraft:netherrack":14,"minecraft:crimson_roots":1,"minecraft:mud":1,"minecraft:crafting_table":9,"minecraft:azure_bluet":3,"minecraft:clay_ball":24,"minecraft:chicken":2,"minecraft:ladder":6,"create:rotation_speed_controller":5,"ad_astra:tier_1_rocket":7,"ad_astra:glowing_iron_pillar":1,"minecraft:cornflower":5,"minecraft:oak_trapdoor":11,"minecraft:iron_axe":2,"ad_astra:steel_rod":1,"minecraft:glass_pane":15,"ad_astra:desh_ingot":2,"minecraft:andesite_stairs":2,"minecraft:beef":37,"ad_astra:moon_cobblestone":29,"minecraft:oak_boat":17,"create:basin":4,"minecraft:iron_nugget":3,"minecraft:poppy":46,"minecraft:chest":2,"minecraft:sugar_cane":132,"minecraft:egg":6,"minecraft:raw_iron":120,"minecraft:sandstone":1,"minecraft:oak_door":1,"minecraft:copper_ingot":102,"sophisticatedbackpacks:backpack":3,"create:windmill_bearing":1,"ad_astra:polished_moon_stone_slab":1,"minecraft:redstone":251,"minecraft:carrot":350,"create:brass_casing":9,"create:zinc_ingot":2,"create:deployer":1,"ad_astra:steel_plate":3,"minecraft:arrow":37,"minecraft:stone_shovel":4,"ad_astra:nasa_workbench":1,"minecraft:hay_block":138,"minecraft:gold_ingot":2,"minecraft:mutton":17,"minecraft:white_wool":45,"minecraft:stripped_oak_log":62,"minecraft:glow_ink_sac":2,"minecraft:tripwire_hook":5,"minecraft:salmon":1,"minecraft:leather":24,"minecraft:oak_log":300,"create:andesite_alloy":2,"minecraft:cobblestone_stairs":15,"minecraft:cobblestone_wall":14,"minecraft:yellow_bed":6,"minecraft:gunpowder":3,"create:blaze_burner":4,"create:crushing_wheel":8,"minecraft:apple":4,"minecraft:kelp":382,"minecraft:wild_armor_trim_smithing_template":2,"minecraft:oak_fence_gate":1,"ad_astra:desh_plating":215,"minecraft:iron_ingot":398,"minecraft:stone_pickaxe":4,"minecraft:stripped_oak_wood":1,"ad_astra:desh_sliding_door":4,"minecraft:oak_slab":26,"minecraft:smooth_basalt":20,"create:mechanical_bearing":5,"create:large_water_wheel":8,"minecraft:chiseled_stone_bricks":1,"minecraft:quartz":23,"minecraft:dripstone_block":22,"minecraft:dandelion":17,"ad_astra:moon_sand":9,"minecraft:gravel":36,"minecraft:blast_furnace":4,"minecraft:white_bed":19,"create:brass_tunnel":6,"minecraft:spider_eye":4,"create:wheat_flour":10,"create:andesite_tunnel":2,"minecraft:stone_axe":3,"create:encased_fan":2,"ad_astra:chiseled_moon_stone_bricks":3,"minecraft:oak_button":4,"minecraft:black_wool":8,"minecraft:mangrove_propagule":1,"minecraft:coal":172},"minecraft:killed_by":{"minecraft:creeper":1,"minecraft:piglin":1,"minecraft:zombie":3,"minecraft:spider":2,"minecraft:iron_golem":5},"minecraft:broken":{"minecraft:iron_shovel":2,"minecraft:stone_axe":9,"minecraft:stone_shovel":2,"minecraft:iron_axe":3,"minecraft:iron_pickaxe":3,"create:sand_paper":2},"minecraft:killed":{"minecraft:witch":1,"minecraft:spider":9,"minecraft:skeleton":25,"minecraft:chicken":1,"minecraft:pig":1,"minecraft:salmon":1,"minecraft:iron_golem":64,"minecraft:creeper":4,"minecraft:sheep":8,"minecraft:zombie":62,"minecraft:cow":10,"minecraft:horse":1,"minecraft:drowned":1,"ad_astra:corrupted_lunarian":4},"minecraft:used":{"create:deployer":3,"minecraft:iron_shovel":644,"minecraft:oak_sign":5,"minecraft:poppy":15,"minecraft:chest":8,"minecraft:iron_sword":176,"create:mechanical_bearing":8,"minecraft:iron_chestplate":1,"ad_astra:desh_cable":1,"create:white_sail":121,"create:cogwheel":503,"create:mechanical_crafter":29,"minecraft:carrot":262,"create:depot":1,"minecraft:obsidian":11,"minecraft:lava_bucket":4,"create:millstone":1,"create:andesite_funnel":2,"ad_astra:oxygen_loader":4,"minecraft:repeater":2,"create:rotation_speed_controller":6,"minecraft:bow":2,"minecraft:hay_block":6,"create:shaft":92,"minecraft:oak_sapling":10,"minecraft:furnace":9,"create:mechanical_drill":19,"minecraft:egg":2,"ad_astra:etrionic_blast_furnace":2,"minecraft:diorite":2,"create:crushing_wheel":17,"minecraft:stone_pickaxe":208,"minecraft:oak_planks":70,"create:crimsite":1,"ad_astra:compressor":8,"minecraft:wooden_pickaxe":52,"ad_astra:steel_cable":4,"minecraft:redstone_block":7,"minecraft:sugar_cane":42,"minecraft:oak_leaves":1,"minecraft:blast_furnace":2,"minecraft:dripstone_block":15,"minecraft:shears":43,"minecraft:redstone_torch":3,"minecraft:lever":3,"ad_astra:oil_bucket":4,"minecraft:melon_slice":40,"minecraft:string":71,"minecraft:bread":63,"ad_astra:launch_pad":2,"minecraft:gravel":8,"create:basin":5,"ad_astra:cable_duct":1,"minecraft:andesite":126,"minecraft:oak_boat":16,"minecraft:bone_meal":2,"create:large_cogwheel":157,"ad_astra:fuel_refinery":1,"minecraft:oak_fence":5,"minecraft:oak_trapdoor":13,"create:limestone":1,"minecraft:enchanting_table":1,"ad_astra:ostrum_fluid_pipe":6,"minecraft:flint_and_steel":1,"minecraft:stone_shovel":257,"minecraft:redstone":1,"ad_astra:moon_cobblestone":4,"minecraft:netherrack":3,"minecraft:oak_door":1,"minecraft:torch":22,"minecraft:dirt":511,"create:mechanical_mixer":4,"minecraft:hopper":3,"minecraft:cobblestone_wall":47,"ad_astra:tier_1_rocket":7,"minecraft:granite":1,"minecraft:oak_fence_gate":1,"minecraft:bookshelf":2,"create:wrench":636,"minecraft:iron_axe":531,"ad_astra:glowing_iron_pillar":1,"minecraft:smooth_basalt":17,"minecraft:bamboo":5,"minecraft:tripwire_hook":7,"ad_astra:moon_stone_bricks":8,"minecraft:cobbled_deepslate":4,"ad_astra:coal_generator":7,"create:belt_connector":40,"minecraft:wheat_seeds":13,"minecraft:water_bucket":144,"minecraft:cobblestone_stairs":2,"minecraft:dirt_path":1,"create:brass_tunnel":8,"ad_astra:desh_plating":190,"create:blaze_burner":5,"minecraft:salmon":1,"minecraft:mossy_cobblestone":1,"create:encased_fan":6,"minecraft:oak_slab":113,"minecraft:crafting_table":11,"minecraft:white_bed":16,"create:filter":1,"minecraft:oak_log":4,"ad_astra:nasa_workbench":1,"minecraft:cornflower":2,"minecraft:diamond_pickaxe":1036,"minecraft:apple":1,"create:mechanical_press":2,"create:windmill_bearing":5,"minecraft:mangrove_propagule":1,"ad_astra:moon_sand":6,"minecraft:oak_button":7,"minecraft:iron_pickaxe":819,"ad_astra:desh_sliding_door":3,"create:water_wheel":6,"create:andesite_tunnel":3,"create:large_water_wheel":31,"minecraft:stone_axe":741,"minecraft:cobblestone":313,"minecraft:andesite_stairs":6,"minecraft:bucket":391,"minecraft:yellow_bed":5,"minecraft:stripped_oak_log":11,"minecraft:kelp":89,"ad_astra:strophar_stem":8,"minecraft:dandelion":1}},"DataVersion":3465}